ISI_baseline_R2,ISI_full_R2,ISI_delta_R2,ISI_baseline_AIC,ISI_full_AIC,PSS_baseline_R2,PSS_full_R2,PSS_delta_R2,PSS_baseline_AIC,PSS_full_AIC
0.4461613353174668,0.4466648076438614,0.0005034723263945828,45638.51039510584,45622.41747714532,0.18557555189942088,0.19560621538348,0.010030663484059121,75853.1637026732,75558.11940885006
